national_pokedex_number	id	name_ja	name_en	variant
1	1	フシギダネ	bulbasaur	
2	2	フシギソウ	ivysaur	
3	3	フシギバナ	venusaur	
3	10033	フシギバナ	venusaur-mega	mega
3	10195	フシギバナ	venusaur-gmax	gmax
4	4	ヒトカゲ	charmander	
5	5	リザード	charmeleon	
6	6	リザードン	charizard	
6	10034	リザードン	charizard-mega-x	mega-x
6	10035	リザードン	charizard-mega-y	mega-y
6	10196	リザードン	charizard-gmax	gmax
7	7	ゼニガメ	squirtle	
8	8	カメール	wartortle	
9	9	カメックス	blastoise	
9	10036	カメックス	blastoise-mega	mega
9	10197	カメックス	blastoise-gmax	gmax
10	10	キャタピー	caterpie	
11	11	トランセル	metapod	
12	12	バタフリー	butterfree	
12	10198	バタフリー	butterfree-gmax	gmax
13	13	ビードル	weedle	
14	14	コクーン	kakuna	
15	15	スピアー	beedrill	
15	10090	スピアー	beedrill-mega	mega
16	16	ポッポ	pidgey	
17	17	ピジョン	pidgeotto	
18	18	ピジョット	pidgeot	
18	10073	ピジョット	pidgeot-mega	mega
19	19	コラッタ	rattata	
19	10091	コラッタ	rattata-alola	alola
20	20	ラッタ	raticate	
20	10092	ラッタ	raticate-alola	alola
20	10093	ラッタ	raticate-totem-alola	totem-alola
21	21	オニスズメ	spearow	
22	22	オニドリル	fearow	
23	23	アーボ	ekans	
24	24	アーボック	arbok	
25	25	ピカチュウ	pikachu	
25	10080	ピカチュウ	pikachu-rock-star	rock-star
25	10081	ピカチュウ	pikachu-belle	belle
25	10082	ピカチュウ	pikachu-pop-star	pop-star
25	10083	ピカチュウ	pikachu-phd	phd
25	10084	ピカチュウ	pikachu-libre	libre
25	10085	ピカチュウ	pikachu-cosplay	cosplay
25	10094	ピカチュウ	pikachu-original-cap	original-cap
25	10095	ピカチュウ	pikachu-hoenn-cap	hoenn-cap
25	10096	ピカチュウ	pikachu-sinnoh-cap	sinnoh-cap
25	10097	ピカチュウ	pikachu-unova-cap	unova-cap
25	10098	ピカチュウ	pikachu-kalos-cap	kalos-cap
25	10099	ピカチュウ	pikachu-alola-cap	alola-cap
25	10148	ピカチュウ	pikachu-partner-cap	partner-cap
25	10158	ピカチュウ	pikachu-starter	starter
25	10160	ピカチュウ	pikachu-world-cap	world-cap
25	10199	ピカチュウ	pikachu-gmax	gmax
26	26	ライチュウ	raichu	
26	10100	ライチュウ	raichu-alola	alola
27	27	サンド	sandshrew	
27	10101	サンド	sandshrew-alola	alola
28	28	サンドパン	sandslash	
28	10102	サンドパン	sandslash-alola	alola
29	29	ニドラン♀	nidoran-f	
30	30	ニドリーナ	nidorina	
31	31	ニドクイン	nidoqueen	
32	32	ニドラン♂	nidoran-m	
33	33	ニドリーノ	nidorino	
34	34	ニドキング	nidoking	
35	35	ピッピ	clefairy	
36	36	ピクシー	clefable	
37	37	ロコン	vulpix	
37	10103	ロコン	vulpix-alola	alola
38	38	キュウコン	ninetales	
38	10104	キュウコン	ninetales-alola	alola
39	39	プリン	jigglypuff	
40	40	プクリン	wigglytuff	
41	41	ズバット	zubat	
42	42	ゴルバット	golbat	
43	43	ナゾノクサ	oddish	
44	44	クサイハナ	gloom	
45	45	ラフレシア	vileplume	
46	46	パラス	paras	
47	47	パラセクト	parasect	
48	48	コンパン	venonat	
49	49	モルフォン	venomoth	
50	50	ディグダ	diglett	
50	10105	ディグダ	diglett-alola	alola
51	51	ダグトリオ	dugtrio	
51	10106	ダグトリオ	dugtrio-alola	alola
52	52	ニャース	meowth	
52	10107	ニャース	meowth-alola	alola
52	10161	ニャース	meowth-galar	galar
52	10200	ニャース	meowth-gmax	gmax
53	53	ペルシアン	persian	
53	10108	ペルシアン	persian-alola	alola
54	54	コダック	psyduck	
55	55	ゴルダック	golduck	
56	56	マンキー	mankey	
57	57	オコリザル	primeape	
58	58	ガーディ	growlithe	
58	10229	ガーディ	growlithe-hisui	hisui
59	59	ウインディ	arcanine	
59	10230	ウインディ	arcanine-hisui	hisui
60	60	ニョロモ	poliwag	
61	61	ニョロゾ	poliwhirl	
62	62	ニョロボン	poliwrath	
63	63	ケーシィ	abra	
64	64	ユンゲラー	kadabra	
65	65	フーディン	alakazam	
65	10037	フーディン	alakazam-mega	mega
66	66	ワンリキー	machop	
67	67	ゴーリキー	machoke	
68	68	カイリキー	machamp	
68	10201	カイリキー	machamp-gmax	gmax
69	69	マダツボミ	bellsprout	
70	70	ウツドン	weepinbell	
71	71	ウツボット	victreebel	
72	72	メノクラゲ	tentacool	
73	73	ドククラゲ	tentacruel	
74	74	イシツブテ	geodude	
74	10109	イシツブテ	geodude-alola	alola
75	75	ゴローン	graveler	
75	10110	ゴローン	graveler-alola	alola
76	76	ゴローニャ	golem	
76	10111	ゴローニャ	golem-alola	alola
77	77	ポニータ	ponyta	
77	10162	ポニータ	ponyta-galar	galar
78	78	ギャロップ	rapidash	
78	10163	ギャロップ	rapidash-galar	galar
79	79	ヤドン	slowpoke	
79	10164	ヤドン	slowpoke-galar	galar
80	80	ヤドラン	slowbro	
80	10071	ヤドラン	slowbro-mega	mega
80	10165	ヤドラン	slowbro-galar	galar
81	81	コイル	magnemite	
82	82	レアコイル	magneton	
83	83	カモネギ	farfetchd	
83	10166	カモネギ	farfetchd-galar	galar
84	84	ドードー	doduo	
85	85	ドードリオ	dodrio	
86	86	パウワウ	seel	
87	87	ジュゴン	dewgong	
88	88	ベトベター	grimer	
88	10112	ベトベター	grimer-alola	alola
89	89	ベトベトン	muk	
89	10113	ベトベトン	muk-alola	alola
90	90	シェルダー	shellder	
91	91	パルシェン	cloyster	
92	92	ゴース	gastly	
93	93	ゴースト	haunter	
94	94	ゲンガー	gengar	
94	10038	ゲンガー	gengar-mega	mega
94	10202	ゲンガー	gengar-gmax	gmax
95	95	イワーク	onix	
96	96	スリープ	drowzee	
97	97	スリーパー	hypno	
98	98	クラブ	krabby	
99	99	キングラー	kingler	
99	10203	キングラー	kingler-gmax	gmax
100	100	ビリリダマ	voltorb	
100	10231	ビリリダマ	voltorb-hisui	hisui
101	101	マルマイン	electrode	
101	10232	マルマイン	electrode-hisui	hisui
102	102	タマタマ	exeggcute	
103	103	ナッシー	exeggutor	
103	10114	ナッシー	exeggutor-alola	alola
104	104	カラカラ	cubone	
105	105	ガラガラ	marowak	
105	10115	ガラガラ	marowak-alola	alola
105	10149	ガラガラ	marowak-totem	totem
106	106	サワムラー	hitmonlee	
107	107	エビワラー	hitmonchan	
108	108	ベロリンガ	lickitung	
109	109	ドガース	koffing	
110	110	マタドガス	weezing	
110	10167	マタドガス	weezing-galar	galar
111	111	サイホーン	rhyhorn	
112	112	サイドン	rhydon	
113	113	ラッキー	chansey	
114	114	モンジャラ	tangela	
115	115	ガルーラ	kangaskhan	
115	10039	ガルーラ	kangaskhan-mega	mega
116	116	タッツー	horsea	
117	117	シードラ	seadra	
118	118	トサキント	goldeen	
119	119	アズマオウ	seaking	
120	120	ヒトデマン	staryu	
121	121	スターミー	starmie	
122	122	バリヤード	mr-mime	
122	10168	バリヤード	mr-mime-galar	galar
123	123	ストライク	scyther	
124	124	ルージュラ	jynx	
125	125	エレブー	electabuzz	
126	126	ブーバー	magmar	
127	127	カイロス	pinsir	
127	10040	カイロス	pinsir-mega	mega
128	128	ケンタロス	tauros	
128	10250	ケンタロス	tauros-paldea-combat-breed	paldea-combat-breed
128	10251	ケンタロス	tauros-paldea-blaze-breed	paldea-blaze-breed
128	10252	ケンタロス	tauros-paldea-aqua-breed	paldea-aqua-breed
129	129	コイキング	magikarp	
130	130	ギャラドス	gyarados	
130	10041	ギャラドス	gyarados-mega	mega
131	131	ラプラス	lapras	
131	10204	ラプラス	lapras-gmax	gmax
132	132	メタモン	ditto	
133	133	イーブイ	eevee	
133	10159	イーブイ	eevee-starter	starter
133	10205	イーブイ	eevee-gmax	gmax
134	134	シャワーズ	vaporeon	
135	135	サンダース	jolteon	
136	136	ブースター	flareon	
137	137	ポリゴン	porygon	
138	138	オムナイト	omanyte	
139	139	オムスター	omastar	
140	140	カブト	kabuto	
141	141	カブトプス	kabutops	
142	142	プテラ	aerodactyl	
142	10042	プテラ	aerodactyl-mega	mega
143	143	カビゴン	snorlax	
143	10206	カビゴン	snorlax-gmax	gmax
144	144	フリーザー	articuno	
144	10169	フリーザー	articuno-galar	galar
145	145	サンダー	zapdos	
145	10170	サンダー	zapdos-galar	galar
146	146	ファイヤー	moltres	
146	10171	ファイヤー	moltres-galar	galar
147	147	ミニリュウ	dratini	
148	148	ハクリュー	dragonair	
149	149	カイリュー	dragonite	
150	150	ミュウツー	mewtwo	
150	10043	ミュウツー	mewtwo-mega-x	mega-x
150	10044	ミュウツー	mewtwo-mega-y	mega-y
151	151	ミュウ	mew	
152	152	チコリータ	chikorita	
153	153	ベイリーフ	bayleef	
154	154	メガニウム	meganium	
155	155	ヒノアラシ	cyndaquil	
156	156	マグマラシ	quilava	
157	157	バクフーン	typhlosion	
157	10233	バクフーン	typhlosion-hisui	hisui
158	158	ワニノコ	totodile	
159	159	アリゲイツ	croconaw	
160	160	オーダイル	feraligatr	
161	161	オタチ	sentret	
162	162	オオタチ	furret	
163	163	ホーホー	hoothoot	
164	164	ヨルノズク	noctowl	
165	165	レディバ	ledyba	
166	166	レディアン	ledian	
167	167	イトマル	spinarak	
168	168	アリアドス	ariados	
169	169	クロバット	crobat	
170	170	チョンチー	chinchou	
171	171	ランターン	lanturn	
172	172	ピチュー	pichu	
173	173	ピィ	cleffa	
174	174	ププリン	igglybuff	
175	175	トゲピー	togepi	
176	176	トゲチック	togetic	
177	177	ネイティ	natu	
178	178	ネイティオ	xatu	
179	179	メリープ	mareep	
180	180	モココ	flaaffy	
181	181	デンリュウ	ampharos	
181	10045	デンリュウ	ampharos-mega	mega
182	182	キレイハナ	bellossom	
183	183	マリル	marill	
184	184	マリルリ	azumarill	
185	185	ウソッキー	sudowoodo	
186	186	ニョロトノ	politoed	
187	187	ハネッコ	hoppip	
188	188	ポポッコ	skiploom	
189	189	ワタッコ	jumpluff	
190	190	エイパム	aipom	
191	191	ヒマナッツ	sunkern	
192	192	キマワリ	sunflora	
193	193	ヤンヤンマ	yanma	
194	194	ウパー	wooper	
194	10253	ウパー	wooper-paldea	paldea
195	195	ヌオー	quagsire	
196	196	エーフィ	espeon	
197	197	ブラッキー	umbreon	
198	198	ヤミカラス	murkrow	
199	199	ヤドキング	slowking	
199	10172	ヤドキング	slowking-galar	galar
200	200	ムウマ	misdreavus	
201	201	アンノーン	unown	
202	202	ソーナンス	wobbuffet	
203	203	キリンリキ	girafarig	
204	204	クヌギダマ	pineco	
205	205	フォレトス	forretress	
206	206	ノコッチ	dunsparce	
207	207	グライガー	gligar	
208	208	ハガネール	steelix	
208	10072	ハガネール	steelix-mega	mega
209	209	ブルー	snubbull	
210	210	グランブル	granbull	
211	211	ハリーセン	qwilfish	
211	10234	ハリーセン	qwilfish-hisui	hisui
212	212	ハッサム	scizor	
212	10046	ハッサム	scizor-mega	mega
213	213	ツボツボ	shuckle	
214	214	ヘラクロス	heracross	
214	10047	ヘラクロス	heracross-mega	mega
215	215	ニューラ	sneasel	
215	10235	ニューラ	sneasel-hisui	hisui
216	216	ヒメグマ	teddiursa	
217	217	リングマ	ursaring	
218	218	マグマッグ	slugma	
219	219	マグカルゴ	magcargo	
220	220	ウリムー	swinub	
221	221	イノムー	piloswine	
222	222	サニーゴ	corsola	
222	10173	サニーゴ	corsola-galar	galar
223	223	テッポウオ	remoraid	
224	224	オクタン	octillery	
225	225	デリバード	delibird	
226	226	マンタイン	mantine	
227	227	エアームド	skarmory	
228	228	デルビル	houndour	
229	229	ヘルガー	houndoom	
229	10048	ヘルガー	houndoom-mega	mega
230	230	キングドラ	kingdra	
231	231	ゴマゾウ	phanpy	
232	232	ドンファン	donphan	
233	233	ポリゴン２	porygon2	
234	234	オドシシ	stantler	
235	235	ドーブル	smeargle	
236	236	バルキー	tyrogue	
237	237	カポエラー	hitmontop	
238	238	ムチュール	smoochum	
239	239	エレキッド	elekid	
240	240	ブビィ	magby	
241	241	ミルタンク	miltank	
242	242	ハピナス	blissey	
243	243	ライコウ	raikou	
244	244	エンテイ	entei	
245	245	スイクン	suicune	
246	246	ヨーギラス	larvitar	
247	247	サナギラス	pupitar	
248	248	バンギラス	tyranitar	
248	10049	バンギラス	tyranitar-mega	mega
249	249	ルギア	lugia	
250	250	ホウオウ	ho-oh	
251	251	セレビィ	celebi	
252	252	キモリ	treecko	
253	253	ジュプトル	grovyle	
254	254	ジュカイン	sceptile	
254	10065	ジュカイン	sceptile-mega	mega
255	255	アチャモ	torchic	
256	256	ワカシャモ	combusken	
257	257	バシャーモ	blaziken	
257	10050	バシャーモ	blaziken-mega	mega
258	258	ミズゴロウ	mudkip	
259	259	ヌマクロー	marshtomp	
260	260	ラグラージ	swampert	
260	10064	ラグラージ	swampert-mega	mega
261	261	ポチエナ	poochyena	
262	262	グラエナ	mightyena	
263	263	ジグザグマ	zigzagoon	
263	10174	ジグザグマ	zigzagoon-galar	galar
264	264	マッスグマ	linoone	
264	10175	マッスグマ	linoone-galar	galar
265	265	ケムッソ	wurmple	
266	266	カラサリス	silcoon	
267	267	アゲハント	beautifly	
268	268	マユルド	cascoon	
269	269	ドクケイル	dustox	
270	270	ハスボー	lotad	
271	271	ハスブレロ	lombre	
272	272	ルンパッパ	ludicolo	
273	273	タネボー	seedot	
274	274	コノハナ	nuzleaf	
275	275	ダーテング	shiftry	
276	276	スバメ	taillow	
277	277	オオスバメ	swellow	
278	278	キャモメ	wingull	
279	279	ペリッパー	pelipper	
280	280	ラルトス	ralts	
281	281	キルリア	kirlia	
282	282	サーナイト	gardevoir	
282	10051	サーナイト	gardevoir-mega	mega
283	283	アメタマ	surskit	
284	284	アメモース	masquerain	
285	285	キノココ	shroomish	
286	286	キノガッサ	breloom	
287	287	ナマケロ	slakoth	
288	288	ヤルキモノ	vigoroth	
289	289	ケッキング	slaking	
290	290	ツチニン	nincada	
291	291	テッカニン	ninjask	
292	292	ヌケニン	shedinja	
293	293	ゴニョニョ	whismur	
294	294	ドゴーム	loudred	
295	295	バクオング	exploud	
296	296	マクノシタ	makuhita	
297	297	ハリテヤマ	hariyama	
298	298	ルリリ	azurill	
299	299	ノズパス	nosepass	
300	300	エネコ	skitty	
301	301	エネコロロ	delcatty	
302	302	ヤミラミ	sableye	
302	10066	ヤミラミ	sableye-mega	mega
303	303	クチート	mawile	
303	10052	クチート	mawile-mega	mega
304	304	ココドラ	aron	
305	305	コドラ	lairon	
306	306	ボスゴドラ	aggron	
306	10053	ボスゴドラ	aggron-mega	mega
307	307	アサナン	meditite	
308	308	チャーレム	medicham	
308	10054	チャーレム	medicham-mega	mega
309	309	ラクライ	electrike	
310	310	ライボルト	manectric	
310	10055	ライボルト	manectric-mega	mega
311	311	プラスル	plusle	
312	312	マイナン	minun	
313	313	バルビート	volbeat	
314	314	イルミーゼ	illumise	
315	315	ロゼリア	roselia	
316	316	ゴクリン	gulpin	
317	317	マルノーム	swalot	
318	318	キバニア	carvanha	
319	319	サメハダー	sharpedo	
319	10070	サメハダー	sharpedo-mega	mega
320	320	ホエルコ	wailmer	
321	321	ホエルオー	wailord	
322	322	ドンメル	numel	
323	323	バクーダ	camerupt	
323	10087	バクーダ	camerupt-mega	mega
324	324	コータス	torkoal	
325	325	バネブー	spoink	
326	326	ブーピッグ	grumpig	
327	327	パッチール	spinda	
328	328	ナックラー	trapinch	
329	329	ビブラーバ	vibrava	
330	330	フライゴン	flygon	
331	331	サボネア	cacnea	
332	332	ノクタス	cacturne	
333	333	チルット	swablu	
334	334	チルタリス	altaria	
334	10067	チルタリス	altaria-mega	mega
335	335	ザングース	zangoose	
336	336	ハブネーク	seviper	
337	337	ルナトーン	lunatone	
338	338	ソルロック	solrock	
339	339	ドジョッチ	barboach	
340	340	ナマズン	whiscash	
341	341	ヘイガニ	corphish	
342	342	シザリガー	crawdaunt	
343	343	ヤジロン	baltoy	
344	344	ネンドール	claydol	
345	345	リリーラ	lileep	
346	346	ユレイドル	cradily	
347	347	アノプス	anorith	
348	348	アーマルド	armaldo	
349	349	ヒンバス	feebas	
350	350	ミロカロス	milotic	
351	351	ポワルン	castform	
351	10013	ポワルン	castform-sunny	sunny
351	10014	ポワルン	castform-rainy	rainy
351	10015	ポワルン	castform-snowy	snowy
352	352	カクレオン	kecleon	
353	353	カゲボウズ	shuppet	
354	354	ジュペッタ	banette	
354	10056	ジュペッタ	banette-mega	mega
355	355	ヨマワル	duskull	
356	356	サマヨール	dusclops	
357	357	トロピウス	tropius	
358	358	チリーン	chimecho	
359	359	アブソル	absol	
359	10057	アブソル	absol-mega	mega
360	360	ソーナノ	wynaut	
361	361	ユキワラシ	snorunt	
362	362	オニゴーリ	glalie	
362	10074	オニゴーリ	glalie-mega	mega
363	363	タマザラシ	spheal	
364	364	トドグラー	sealeo	
365	365	トドゼルガ	walrein	
366	366	パールル	clamperl	
367	367	ハンテール	huntail	
368	368	サクラビス	gorebyss	
369	369	ジーランス	relicanth	
370	370	ラブカス	luvdisc	
371	371	タツベイ	bagon	
372	372	コモルー	shelgon	
373	373	ボーマンダ	salamence	
373	10089	ボーマンダ	salamence-mega	mega
374	374	ダンバル	beldum	
375	375	メタング	metang	
376	376	メタグロス	metagross	
376	10076	メタグロス	metagross-mega	mega
377	377	レジロック	regirock	
378	378	レジアイス	regice	
379	379	レジスチル	registeel	
380	380	ラティアス	latias	
380	10062	ラティアス	latias-mega	mega
381	381	ラティオス	latios	
381	10063	ラティオス	latios-mega	mega
382	382	カイオーガ	kyogre	
382	10077	カイオーガ	kyogre-primal	primal
383	383	グラードン	groudon	
383	10078	グラードン	groudon-primal	primal
384	384	レックウザ	rayquaza	
384	10079	レックウザ	rayquaza-mega	mega
385	385	ジラーチ	jirachi	
386	386	デオキシス	deoxys-normal	normal
386	10001	デオキシス	deoxys-attack	attack
386	10002	デオキシス	deoxys-defense	defense
386	10003	デオキシス	deoxys-speed	speed
387	387	ナエトル	turtwig	
388	388	ハヤシガメ	grotle	
389	389	ドダイトス	torterra	
390	390	ヒコザル	chimchar	
391	391	モウカザル	monferno	
392	392	ゴウカザル	infernape	
393	393	ポッチャマ	piplup	
394	394	ポッタイシ	prinplup	
395	395	エンペルト	empoleon	
396	396	ムックル	starly	
397	397	ムクバード	staravia	
398	398	ムクホーク	staraptor	
399	399	ビッパ	bidoof	
400	400	ビーダル	bibarel	
401	401	コロボーシ	kricketot	
402	402	コロトック	kricketune	
403	403	コリンク	shinx	
404	404	ルクシオ	luxio	
405	405	レントラー	luxray	
406	406	スボミー	budew	
407	407	ロズレイド	roserade	
408	408	ズガイドス	cranidos	
409	409	ラムパルド	rampardos	
410	410	タテトプス	shieldon	
411	411	トリデプス	bastiodon	
412	412	ミノムッチ	burmy	
413	413	ミノマダム	wormadam-plant	plant
413	10004	ミノマダム	wormadam-sandy	sandy
413	10005	ミノマダム	wormadam-trash	trash
414	414	ガーメイル	mothim	
415	415	ミツハニー	combee	
416	416	ビークイン	vespiquen	
417	417	パチリス	pachirisu	
418	418	ブイゼル	buizel	
419	419	フローゼル	floatzel	
420	420	チェリンボ	cherubi	
421	421	チェリム	cherrim	
422	422	カラナクシ	shellos	
423	423	トリトドン	gastrodon	
424	424	エテボース	ambipom	
425	425	フワンテ	drifloon	
426	426	フワライド	drifblim	
427	427	ミミロル	buneary	
428	428	ミミロップ	lopunny	
428	10088	ミミロップ	lopunny-mega	mega
429	429	ムウマージ	mismagius	
430	430	ドンカラス	honchkrow	
431	431	ニャルマー	glameow	
432	432	ブニャット	purugly	
433	433	リーシャン	chingling	
434	434	スカンプー	stunky	
435	435	スカタンク	skuntank	
436	436	ドーミラー	bronzor	
437	437	ドータクン	bronzong	
438	438	ウソハチ	bonsly	
439	439	マネネ	mime-jr	
440	440	ピンプク	happiny	
441	441	ペラップ	chatot	
442	442	ミカルゲ	spiritomb	
443	443	フカマル	gible	
444	444	ガバイト	gabite	
445	445	ガブリアス	garchomp	
445	10058	ガブリアス	garchomp-mega	mega
446	446	ゴンベ	munchlax	
447	447	リオル	riolu	
448	448	ルカリオ	lucario	
448	10059	ルカリオ	lucario-mega	mega
449	449	ヒポポタス	hippopotas	
450	450	カバルドン	hippowdon	
451	451	スコルピ	skorupi	
452	452	ドラピオン	drapion	
453	453	グレッグル	croagunk	
454	454	ドクロッグ	toxicroak	
455	455	マスキッパ	carnivine	
456	456	ケイコウオ	finneon	
457	457	ネオラント	lumineon	
458	458	タマンタ	mantyke	
459	459	ユキカブリ	snover	
460	460	ユキノオー	abomasnow	
460	10060	ユキノオー	abomasnow-mega	mega
461	461	マニューラ	weavile	
462	462	ジバコイル	magnezone	
463	463	ベロベルト	lickilicky	
464	464	ドサイドン	rhyperior	
465	465	モジャンボ	tangrowth	
466	466	エレキブル	electivire	
467	467	ブーバーン	magmortar	
468	468	トゲキッス	togekiss	
469	469	メガヤンマ	yanmega	
470	470	リーフィア	leafeon	
471	471	グレイシア	glaceon	
472	472	グライオン	gliscor	
473	473	マンムー	mamoswine	
474	474	ポリゴンＺ	porygon-z	
475	475	エルレイド	gallade	
475	10068	エルレイド	gallade-mega	mega
476	476	ダイノーズ	probopass	
477	477	ヨノワール	dusknoir	
478	478	ユキメノコ	froslass	
479	479	ロトム	rotom	
479	10008	ロトム	rotom-heat	heat
479	10009	ロトム	rotom-wash	wash
479	10010	ロトム	rotom-frost	frost
479	10011	ロトム	rotom-fan	fan
479	10012	ロトム	rotom-mow	mow
480	480	ユクシー	uxie	
481	481	エムリット	mesprit	
482	482	アグノム	azelf	
483	483	ディアルガ	dialga	
483	10245	ディアルガ	dialga-origin	origin
484	484	パルキア	palkia	
484	10246	パルキア	palkia-origin	origin
485	485	ヒードラン	heatran	
486	486	レジギガス	regigigas	
487	487	ギラティナ	giratina-altered	altered
487	10007	ギラティナ	giratina-origin	origin
488	488	クレセリア	cresselia	
489	489	フィオネ	phione	
490	490	マナフィ	manaphy	
491	491	ダークライ	darkrai	
492	492	シェイミ	shaymin-land	land
492	10006	シェイミ	shaymin-sky	sky
493	493	アルセウス	arceus	
494	494	ビクティニ	victini	
495	495	ツタージャ	snivy	
496	496	ジャノビー	servine	
497	497	ジャローダ	serperior	
498	498	ポカブ	tepig	
499	499	チャオブー	pignite	
500	500	エンブオー	emboar	
501	501	ミジュマル	oshawott	
502	502	フタチマル	dewott	
503	503	ダイケンキ	samurott	
503	10236	ダイケンキ	samurott-hisui	hisui
504	504	ミネズミ	patrat	
505	505	ミルホッグ	watchog	
506	506	ヨーテリー	lillipup	
507	507	ハーデリア	herdier	
508	508	ムーランド	stoutland	
509	509	チョロネコ	purrloin	
510	510	レパルダス	liepard	
511	511	ヤナップ	pansage	
512	512	ヤナッキー	simisage	
513	513	バオップ	pansear	
514	514	バオッキー	simisear	
515	515	ヒヤップ	panpour	
516	516	ヒヤッキー	simipour	
517	517	ムンナ	munna	
518	518	ムシャーナ	musharna	
519	519	マメパト	pidove	
520	520	ハトーボー	tranquill	
521	521	ケンホロウ	unfezant	
522	522	シママ	blitzle	
523	523	ゼブライカ	zebstrika	
524	524	ダンゴロ	roggenrola	
525	525	ガントル	boldore	
526	526	ギガイアス	gigalith	
527	527	コロモリ	woobat	
528	528	ココロモリ	swoobat	
529	529	モグリュー	drilbur	
530	530	ドリュウズ	excadrill	
531	531	タブンネ	audino	
531	10069	タブンネ	audino-mega	mega
532	532	ドッコラー	timburr	
533	533	ドテッコツ	gurdurr	
534	534	ローブシン	conkeldurr	
535	535	オタマロ	tympole	
536	536	ガマガル	palpitoad	
537	537	ガマゲロゲ	seismitoad	
538	538	ナゲキ	throh	
539	539	ダゲキ	sawk	
540	540	クルミル	sewaddle	
541	541	クルマユ	swadloon	
542	542	ハハコモリ	leavanny	
543	543	フシデ	venipede	
544	544	ホイーガ	whirlipede	
545	545	ペンドラー	scolipede	
546	546	モンメン	cottonee	
547	547	エルフーン	whimsicott	
548	548	チュリネ	petilil	
549	549	ドレディア	lilligant	
549	10237	ドレディア	lilligant-hisui	hisui
550	550	バスラオ	basculin-red-striped	red-striped
550	10016	バスラオ	basculin-blue-striped	blue-striped
550	10247	バスラオ	basculin-white-striped	white-striped
551	551	メグロコ	sandile	
552	552	ワルビル	krokorok	
553	553	ワルビアル	krookodile	
554	554	ダルマッカ	darumaka	
554	10176	ダルマッカ	darumaka-galar	galar
555	555	ヒヒダルマ	darmanitan-standard	standard
555	10017	ヒヒダルマ	darmanitan-zen	zen
555	10177	ヒヒダルマ	darmanitan-galar-standard	galar-standard
555	10178	ヒヒダルマ	darmanitan-galar-zen	galar-zen
556	556	マラカッチ	maractus	
557	557	イシズマイ	dwebble	
558	558	イワパレス	crustle	
559	559	ズルッグ	scraggy	
560	560	ズルズキン	scrafty	
561	561	シンボラー	sigilyph	
562	562	デスマス	yamask	
562	10179	デスマス	yamask-galar	galar
563	563	デスカーン	cofagrigus	
564	564	プロトーガ	tirtouga	
565	565	アバゴーラ	carracosta	
566	566	アーケン	archen	
567	567	アーケオス	archeops	
568	568	ヤブクロン	trubbish	
569	569	ダストダス	garbodor	
569	10207	ダストダス	garbodor-gmax	gmax
570	570	ゾロア	zorua	
570	10238	ゾロア	zorua-hisui	hisui
571	571	ゾロアーク	zoroark	
571	10239	ゾロアーク	zoroark-hisui	hisui
572	572	チラーミィ	minccino	
573	573	チラチーノ	cinccino	
574	574	ゴチム	gothita	
575	575	ゴチミル	gothorita	
576	576	ゴチルゼル	gothitelle	
577	577	ユニラン	solosis	
578	578	ダブラン	duosion	
579	579	ランクルス	reuniclus	
580	580	コアルヒー	ducklett	
581	581	スワンナ	swanna	
582	582	バニプッチ	vanillite	
583	583	バニリッチ	vanillish	
584	584	バイバニラ	vanilluxe	
585	585	シキジカ	deerling	
586	586	メブキジカ	sawsbuck	
587	587	エモンガ	emolga	
588	588	カブルモ	karrablast	
589	589	シュバルゴ	escavalier	
590	590	タマゲタケ	foongus	
591	591	モロバレル	amoonguss	
592	592	プルリル	frillish	
593	593	ブルンゲル	jellicent	
594	594	ママンボウ	alomomola	
595	595	バチュル	joltik	
596	596	デンチュラ	galvantula	
597	597	テッシード	ferroseed	
598	598	ナットレイ	ferrothorn	
599	599	ギアル	klink	
600	600	ギギアル	klang	
601	601	ギギギアル	klinklang	
602	602	シビシラス	tynamo	
603	603	シビビール	eelektrik	
604	604	シビルドン	eelektross	
605	605	リグレー	elgyem	
606	606	オーベム	beheeyem	
607	607	ヒトモシ	litwick	
608	608	ランプラー	lampent	
609	609	シャンデラ	chandelure	
610	610	キバゴ	axew	
611	611	オノンド	fraxure	
612	612	オノノクス	haxorus	
613	613	クマシュン	cubchoo	
614	614	ツンベアー	beartic	
615	615	フリージオ	cryogonal	
616	616	チョボマキ	shelmet	
617	617	アギルダー	accelgor	
618	618	マッギョ	stunfisk	
618	10180	マッギョ	stunfisk-galar	galar
619	619	コジョフー	mienfoo	
620	620	コジョンド	mienshao	
621	621	クリムガン	druddigon	
622	622	ゴビット	golett	
623	623	ゴルーグ	golurk	
624	624	コマタナ	pawniard	
625	625	キリキザン	bisharp	
626	626	バッフロン	bouffalant	
627	627	ワシボン	rufflet	
628	628	ウォーグル	braviary	
628	10240	ウォーグル	braviary-hisui	hisui
629	629	バルチャイ	vullaby	
630	630	バルジーナ	mandibuzz	
631	631	クイタラン	heatmor	
632	632	アイアント	durant	
633	633	モノズ	deino	
634	634	ジヘッド	zweilous	
635	635	サザンドラ	hydreigon	
636	636	メラルバ	larvesta	
637	637	ウルガモス	volcarona	
638	638	コバルオン	cobalion	
639	639	テラキオン	terrakion	
640	640	ビリジオン	virizion	
641	641	トルネロス	tornadus-incarnate	incarnate
641	10019	トルネロス	tornadus-therian	therian
642	642	ボルトロス	thundurus-incarnate	incarnate
642	10020	ボルトロス	thundurus-therian	therian
643	643	レシラム	reshiram	
644	644	ゼクロム	zekrom	
645	645	ランドロス	landorus-incarnate	incarnate
645	10021	ランドロス	landorus-therian	therian
646	646	キュレム	kyurem	
646	10022	キュレム	kyurem-black	black
646	10023	キュレム	kyurem-white	white
647	647	ケルディオ	keldeo-ordinary	ordinary
647	10024	ケルディオ	keldeo-resolute	resolute
648	648	メロエッタ	meloetta-aria	aria
648	10018	メロエッタ	meloetta-pirouette	pirouette
649	649	ゲノセクト	genesect	
650	650	ハリマロン	chespin	
651	651	ハリボーグ	quilladin	
652	652	ブリガロン	chesnaught	
653	653	フォッコ	fennekin	
654	654	テールナー	braixen	
655	655	マフォクシー	delphox	
656	656	ケロマツ	froakie	
657	657	ゲコガシラ	frogadier	
658	658	ゲッコウガ	greninja	
658	10116	ゲッコウガ	greninja-battle-bond	battle-bond
658	10117	ゲッコウガ	greninja-ash	ash
659	659	ホルビー	bunnelby	
660	660	ホルード	diggersby	
661	661	ヤヤコマ	fletchling	
662	662	ヒノヤコマ	fletchinder	
663	663	ファイアロー	talonflame	
664	664	コフキムシ	scatterbug	
665	665	コフーライ	spewpa	
666	666	ビビヨン	vivillon	
667	667	シシコ	litleo	
668	668	カエンジシ	pyroar	
669	669	フラベベ	flabebe	
670	670	フラエッテ	floette	
670	10061	フラエッテ	floette-eternal	eternal
671	671	フラージェス	florges	
672	672	メェークル	skiddo	
673	673	ゴーゴート	gogoat	
674	674	ヤンチャム	pancham	
675	675	ゴロンダ	pangoro	
676	676	トリミアン	furfrou	
677	677	ニャスパー	espurr	
678	678	ニャオニクス	meowstic-male	male
678	10025	ニャオニクス	meowstic-female	female
679	679	ヒトツキ	honedge	
680	680	ニダンギル	doublade	
681	681	ギルガルド	aegislash-shield	shield
681	10026	ギルガルド	aegislash-blade	blade
682	682	シュシュプ	spritzee	
683	683	フレフワン	aromatisse	
684	684	ペロッパフ	swirlix	
685	685	ペロリーム	slurpuff	
686	686	マーイーカ	inkay	
687	687	カラマネロ	malamar	
688	688	カメテテ	binacle	
689	689	ガメノデス	barbaracle	
690	690	クズモー	skrelp	
691	691	ドラミドロ	dragalge	
692	692	ウデッポウ	clauncher	
693	693	ブロスター	clawitzer	
694	694	エリキテル	helioptile	
695	695	エレザード	heliolisk	
696	696	チゴラス	tyrunt	
697	697	ガチゴラス	tyrantrum	
698	698	アマルス	amaura	
699	699	アマルルガ	aurorus	
700	700	ニンフィア	sylveon	
701	701	ルチャブル	hawlucha	
702	702	デデンネ	dedenne	
703	703	メレシー	carbink	
704	704	ヌメラ	goomy	
705	705	ヌメイル	sliggoo	
705	10241	ヌメイル	sliggoo-hisui	hisui
706	706	ヌメルゴン	goodra	
706	10242	ヌメルゴン	goodra-hisui	hisui
707	707	クレッフィ	klefki	
708	708	ボクレー	phantump	
709	709	オーロット	trevenant	
710	710	バケッチャ	pumpkaboo-average	average
710	10027	バケッチャ	pumpkaboo-small	small
710	10028	バケッチャ	pumpkaboo-large	large
710	10029	バケッチャ	pumpkaboo-super	super
711	711	パンプジン	gourgeist-average	average
711	10030	パンプジン	gourgeist-small	small
711	10031	パンプジン	gourgeist-large	large
711	10032	パンプジン	gourgeist-super	super
712	712	カチコール	bergmite	
713	713	クレベース	avalugg	
713	10243	クレベース	avalugg-hisui	hisui
714	714	オンバット	noibat	
715	715	オンバーン	noivern	
716	716	ゼルネアス	xerneas	
717	717	イベルタル	yveltal	
718	718	ジガルデ	zygarde-50	50
718	10118	ジガルデ	zygarde-10-power-construct	10-power-construct
718	10119	ジガルデ	zygarde-50-power-construct	50-power-construct
718	10120	ジガルデ	zygarde-complete	complete
718	10181	ジガルデ	zygarde-10	10
719	719	ディアンシー	diancie	
719	10075	ディアンシー	diancie-mega	mega
720	720	フーパ	hoopa	
720	10086	フーパ	hoopa-unbound	unbound
721	721	ボルケニオン	volcanion	
722	722	モクロー	rowlet	
723	723	フクスロー	dartrix	
724	724	ジュナイパー	decidueye	
724	10244	ジュナイパー	decidueye-hisui	hisui
725	725	ニャビー	litten	
726	726	ニャヒート	torracat	
727	727	ガオガエン	incineroar	
728	728	アシマリ	popplio	
729	729	オシャマリ	brionne	
730	730	アシレーヌ	primarina	
731	731	ツツケラ	pikipek	
732	732	ケララッパ	trumbeak	
733	733	ドデカバシ	toucannon	
734	734	ヤングース	yungoos	
735	735	デカグース	gumshoos	
735	10121	デカグース	gumshoos-totem	totem
736	736	アゴジムシ	grubbin	
737	737	デンヂムシ	charjabug	
738	738	クワガノン	vikavolt	
738	10122	クワガノン	vikavolt-totem	totem
739	739	マケンカニ	crabrawler	
740	740	ケケンカニ	crabominable	
741	741	オドリドリ	oricorio-baile	baile
741	10123	オドリドリ	oricorio-pom-pom	pom-pom
741	10124	オドリドリ	oricorio-pau	pau
741	10125	オドリドリ	oricorio-sensu	sensu
742	742	アブリー	cutiefly	
743	743	アブリボン	ribombee	
743	10150	アブリボン	ribombee-totem	totem
744	744	イワンコ	rockruff	
744	10151	イワンコ	rockruff-own-tempo	own-tempo
745	745	ルガルガン	lycanroc-midday	midday
745	10126	ルガルガン	lycanroc-midnight	midnight
745	10152	ルガルガン	lycanroc-dusk	dusk
746	746	ヨワシ	wishiwashi-solo	solo
746	10127	ヨワシ	wishiwashi-school	school
747	747	ヒドイデ	mareanie	
748	748	ドヒドイデ	toxapex	
749	749	ドロバンコ	mudbray	
750	750	バンバドロ	mudsdale	
751	751	シズクモ	dewpider	
752	752	オニシズクモ	araquanid	
752	10153	オニシズクモ	araquanid-totem	totem
753	753	カリキリ	fomantis	
754	754	ラランテス	lurantis	
754	10128	ラランテス	lurantis-totem	totem
755	755	ネマシュ	morelull	
756	756	マシェード	shiinotic	
757	757	ヤトウモリ	salandit	
758	758	エンニュート	salazzle	
758	10129	エンニュート	salazzle-totem	totem
759	759	ヌイコグマ	stufful	
760	760	キテルグマ	bewear	
761	761	アマカジ	bounsweet	
762	762	アママイコ	steenee	
763	763	アマージョ	tsareena	
764	764	キュワワー	comfey	
765	765	ヤレユータン	oranguru	
766	766	ナゲツケサル	passimian	
767	767	コソクムシ	wimpod	
768	768	グソクムシャ	golisopod	
769	769	スナバァ	sandygast	
770	770	シロデスナ	palossand	
771	771	ナマコブシ	pyukumuku	
772	772	タイプ：ヌル	type-null	
773	773	シルヴァディ	silvally	
774	774	メテノ	minior-red-meteor	red-meteor
774	10130	メテノ	minior-orange-meteor	orange-meteor
774	10131	メテノ	minior-yellow-meteor	yellow-meteor
774	10132	メテノ	minior-green-meteor	green-meteor
774	10133	メテノ	minior-blue-meteor	blue-meteor
774	10134	メテノ	minior-indigo-meteor	indigo-meteor
774	10135	メテノ	minior-violet-meteor	violet-meteor
774	10136	メテノ	minior-red	red
774	10137	メテノ	minior-orange	orange
774	10138	メテノ	minior-yellow	yellow
774	10139	メテノ	minior-green	green
774	10140	メテノ	minior-blue	blue
774	10141	メテノ	minior-indigo	indigo
774	10142	メテノ	minior-violet	violet
775	775	ネッコアラ	komala	
776	776	バクガメス	turtonator	
777	777	トゲデマル	togedemaru	
777	10154	トゲデマル	togedemaru-totem	totem
778	778	ミミッキュ	mimikyu-disguised	disguised
778	10143	ミミッキュ	mimikyu-busted	busted
778	10144	ミミッキュ	mimikyu-totem-disguised	totem-disguised
778	10145	ミミッキュ	mimikyu-totem-busted	totem-busted
779	779	ハギギシリ	bruxish	
780	780	ジジーロン	drampa	
781	781	ダダリン	dhelmise	
782	782	ジャラコ	jangmo-o	
783	783	ジャランゴ	hakamo-o	
784	784	ジャラランガ	kommo-o	
784	10146	ジャラランガ	kommo-o-totem	totem
785	785	カプ・コケコ	tapu-koko	
786	786	カプ・テテフ	tapu-lele	
787	787	カプ・ブルル	tapu-bulu	
788	788	カプ・レヒレ	tapu-fini	
789	789	コスモッグ	cosmog	
790	790	コスモウム	cosmoem	
791	791	ソルガレオ	solgaleo	
792	792	ルナアーラ	lunala	
793	793	ウツロイド	nihilego	
794	794	マッシブーン	buzzwole	
795	795	フェローチェ	pheromosa	
796	796	デンジュモク	xurkitree	
797	797	テッカグヤ	celesteela	
798	798	カミツルギ	kartana	
799	799	アクジキング	guzzlord	
800	800	ネクロズマ	necrozma	
800	10155	ネクロズマ	necrozma-dusk	dusk
800	10156	ネクロズマ	necrozma-dawn	dawn
800	10157	ネクロズマ	necrozma-ultra	ultra
801	801	マギアナ	magearna	
801	10147	マギアナ	magearna-original	original
802	802	マーシャドー	marshadow	
803	803	ベベノム	poipole	
804	804	アーゴヨン	naganadel	
805	805	ツンデツンデ	stakataka	
806	806	ズガドーン	blacephalon	
807	807	ゼラオラ	zeraora	
808	808	メルタン	meltan	
809	809	メルメタル	melmetal	
809	10208	メルメタル	melmetal-gmax	gmax
810	810	サルノリ	grookey	
811	811	バチンキー	thwackey	
812	812	ゴリランダー	rillaboom	
812	10209	ゴリランダー	rillaboom-gmax	gmax
813	813	ヒバニー	scorbunny	
814	814	ラビフット	raboot	
815	815	エースバーン	cinderace	
815	10210	エースバーン	cinderace-gmax	gmax
816	816	メッソン	sobble	
817	817	ジメレオン	drizzile	
818	818	インテレオン	inteleon	
818	10211	インテレオン	inteleon-gmax	gmax
819	819	ホシガリス	skwovet	
820	820	ヨクバリス	greedent	
821	821	ココガラ	rookidee	
822	822	アオガラス	corvisquire	
823	823	アーマーガア	corviknight	
823	10212	アーマーガア	corviknight-gmax	gmax
824	824	サッチムシ	blipbug	
825	825	レドームシ	dottler	
826	826	イオルブ	orbeetle	
826	10213	イオルブ	orbeetle-gmax	gmax
827	827	クスネ	nickit	
828	828	フォクスライ	thievul	
829	829	ヒメンカ	gossifleur	
830	830	ワタシラガ	eldegoss	
831	831	ウールー	wooloo	
832	832	バイウールー	dubwool	
833	833	カムカメ	chewtle	
834	834	カジリガメ	drednaw	
834	10214	カジリガメ	drednaw-gmax	gmax
835	835	ワンパチ	yamper	
836	836	パルスワン	boltund	
837	837	タンドン	rolycoly	
838	838	トロッゴン	carkol	
839	839	セキタンザン	coalossal	
839	10215	セキタンザン	coalossal-gmax	gmax
840	840	カジッチュ	applin	
841	841	アップリュー	flapple	
841	10216	アップリュー	flapple-gmax	gmax
842	842	タルップル	appletun	
842	10217	タルップル	appletun-gmax	gmax
843	843	スナヘビ	silicobra	
844	844	サダイジャ	sandaconda	
844	10218	サダイジャ	sandaconda-gmax	gmax
845	845	ウッウ	cramorant	
845	10182	ウッウ	cramorant-gulping	gulping
845	10183	ウッウ	cramorant-gorging	gorging
846	846	サシカマス	arrokuda	
847	847	カマスジョー	barraskewda	
848	848	エレズン	toxel	
849	849	ストリンダー	toxtricity-amped	amped
849	10184	ストリンダー	toxtricity-low-key	low-key
849	10219	ストリンダー	toxtricity-amped-gmax	amped-gmax
849	10228	ストリンダー	toxtricity-low-key-gmax	low-key-gmax
850	850	ヤクデ	sizzlipede	
851	851	マルヤクデ	centiskorch	
851	10220	マルヤクデ	centiskorch-gmax	gmax
852	852	タタッコ	clobbopus	
853	853	オトスパス	grapploct	
854	854	ヤバチャ	sinistea	
855	855	ポットデス	polteageist	
856	856	ミブリム	hatenna	
857	857	テブリム	hattrem	
858	858	ブリムオン	hatterene	
858	10221	ブリムオン	hatterene-gmax	gmax
859	859	ベロバー	impidimp	
860	860	ギモー	morgrem	
861	861	オーロンゲ	grimmsnarl	
861	10222	オーロンゲ	grimmsnarl-gmax	gmax
862	862	タチフサグマ	obstagoon	
863	863	ニャイキング	perrserker	
864	864	サニゴーン	cursola	
865	865	ネギガナイト	sirfetchd	
866	866	バリコオル	mr-rime	
867	867	デスバーン	runerigus	
868	868	マホミル	milcery	
869	869	マホイップ	alcremie	
869	10223	マホイップ	alcremie-gmax	gmax
870	870	タイレーツ	falinks	
871	871	バチンウニ	pincurchin	
872	872	ユキハミ	snom	
873	873	モスノウ	frosmoth	
874	874	イシヘンジン	stonjourner	
875	875	コオリッポ	eiscue-ice	ice
875	10185	コオリッポ	eiscue-noice	noice
876	876	イエッサン	indeedee-male	male
876	10186	イエッサン	indeedee-female	female
877	877	モルペコ	morpeko-full-belly	full-belly
877	10187	モルペコ	morpeko-hangry	hangry
878	878	ゾウドウ	cufant	
879	879	ダイオウドウ	copperajah	
879	10224	ダイオウドウ	copperajah-gmax	gmax
880	880	パッチラゴン	dracozolt	
881	881	パッチルドン	arctozolt	
882	882	ウオノラゴン	dracovish	
883	883	ウオチルドン	arctovish	
884	884	ジュラルドン	duraludon	
884	10225	ジュラルドン	duraludon-gmax	gmax
885	885	ドラメシヤ	dreepy	
886	886	ドロンチ	drakloak	
887	887	ドラパルト	dragapult	
888	888	ザシアン	zacian	
888	10188	ザシアン	zacian-crowned	crowned
889	889	ザマゼンタ	zamazenta	
889	10189	ザマゼンタ	zamazenta-crowned	crowned
890	890	ムゲンダイナ	eternatus	
890	10190	ムゲンダイナ	eternatus-eternamax	eternamax
891	891	ダクマ	kubfu	
892	892	ウーラオス	urshifu-single-strike	single-strike
892	10191	ウーラオス	urshifu-rapid-strike	rapid-strike
892	10226	ウーラオス	urshifu-single-strike-gmax	single-strike-gmax
892	10227	ウーラオス	urshifu-rapid-strike-gmax	rapid-strike-gmax
893	893	ザルード	zarude	
893	10192	ザルード	zarude-dada	dada
894	894	レジエレキ	regieleki	
895	895	レジドラゴ	regidrago	
896	896	ブリザポス	glastrier	
897	897	レイスポス	spectrier	
898	898	バドレックス	calyrex	
898	10193	バドレックス	calyrex-ice	ice
898	10194	バドレックス	calyrex-shadow	shadow
899	899	アヤシシ	wyrdeer	
900	900	バサギリ	kleavor	
901	901	ガチグマ	ursaluna	
901	10272	ガチグマ	ursaluna-bloodmoon	bloodmoon
902	902	イダイトウ	basculegion-male	male
902	10248	イダイトウ	basculegion-female	female
903	903	オオニューラ	sneasler	
904	904	ハリーマン	overqwil	
905	905	ラブトロス	enamorus-incarnate	incarnate
905	10249	ラブトロス	enamorus-therian	therian
906	906	ニャオハ	sprigatito	
907	907	ニャローテ	floragato	
908	908	マスカーニャ	meowscarada	
909	909	ホゲータ	fuecoco	
910	910	アチゲータ	crocalor	
911	911	ラウドボーン	skeledirge	
912	912	クワッス	quaxly	
913	913	ウェルカモ	quaxwell	
914	914	ウェーニバル	quaquaval	
915	915	グルトン	lechonk	
916	916	パフュートン	oinkologne	
916	10254	パフュートン	oinkologne-female	female
917	917	タマンチュラ	tarountula	
918	918	ワナイダー	spidops	
919	919	マメバッタ	nymble	
920	920	エクスレッグ	lokix	
921	921	パモ	pawmi	
922	922	パモット	pawmo	
923	923	パーモット	pawmot	
924	924	ワッカネズミ	tandemaus	
925	925	イッカネズミ	maushold	
925	10257	イッカネズミ	maushold-family-of-three	family-of-three
926	926	パピモッチ	fidough	
927	927	バウッツェル	dachsbun	
928	928	ミニーブ	smoliv	
929	929	オリーニョ	dolliv	
930	930	オリーヴァ	arboliva	
931	931	イキリンコ	squawkabilly	
931	10260	イキリンコ	squawkabilly-blue-plumage	blue-plumage
931	10261	イキリンコ	squawkabilly-yellow-plumage	yellow-plumage
931	10262	イキリンコ	squawkabilly-white-plumage	white-plumage
932	932	コジオ	nacli	
933	933	ジオヅム	naclstack	
934	934	キョジオーン	garganacl	
935	935	カルボウ	charcadet	
936	936	グレンアルマ	armarouge	
937	937	ソウブレイズ	ceruledge	
938	938	ズピカ	tadbulb	
939	939	ハラバリー	bellibolt	
940	940	カイデン	wattrel	
941	941	タイカイデン	kilowattrel	
942	942	オラチフ	maschiff	
943	943	マフィティフ	mabosstiff	
944	944	シルシュルー	shroodle	
945	945	タギングル	grafaiai	
946	946	アノクサ	bramblin	
947	947	アノホラグサ	brambleghast	
948	948	ノノクラゲ	toedscool	
949	949	リククラゲ	toedscruel	
950	950	ガケガニ	klawf	
951	951	カプサイジ	capsakid	
952	952	スコヴィラン	scovillain	
953	953	シガロコ	rellor	
954	954	ベラカス	rabsca	
955	955	ヒラヒナ	flittle	
956	956	クエスパトラ	espathra	
957	957	カヌチャン	tinkatink	
958	958	ナカヌチャン	tinkatuff	
959	959	デカヌチャン	tinkaton	
960	960	ウミディグダ	wiglett	
961	961	ウミトリオ	wugtrio	
962	962	オトシドリ	bombirdier	
963	963	ナミイルカ	finizen	
964	964	イルカマン	palafin	
964	10256	イルカマン	palafin-hero	hero
965	965	ブロロン	varoom	
966	966	ブロロローム	revavroom	
967	967	モトトカゲ	cyclizar	
968	968	ミミズズ	orthworm	
969	969	キラーメ	glimmet	
970	970	キラフロル	glimmora	
971	971	ボチ	greavard	
972	972	ハカドッグ	houndstone	
973	973	カラミンゴ	flamigo	
974	974	アルクジラ	cetoddle	
975	975	ハルクジラ	cetitan	
976	976	ミガルーサ	veluza	
977	977	ヘイラッシャ	dondozo	
978	978	シャリタツ	tatsugiri	
978	10258	シャリタツ	tatsugiri-droopy	droopy
978	10259	シャリタツ	tatsugiri-stretchy	stretchy
979	979	コノヨザル	annihilape	
980	980	ドオー	clodsire	
981	981	リキキリン	farigiraf	
982	982	ノココッチ	dudunsparce	
982	10255	ノココッチ	dudunsparce-three-segment	three-segment
983	983	ドドゲザン	kingambit	
984	984	イダイナキバ	great-tusk	
985	985	サケブシッポ	scream-tail	
986	986	アラブルタケ	brute-bonnet	
987	987	ハバタクカミ	flutter-mane	
988	988	チヲハウハネ	slither-wing	
989	989	スナノケガワ	sandy-shocks	
990	990	テツノワダチ	iron-treads	
991	991	テツノツツミ	iron-bundle	
992	992	テツノカイナ	iron-hands	
993	993	テツノコウベ	iron-jugulis	
994	994	テツノドクガ	iron-moth	
995	995	テツノイバラ	iron-thorns	
996	996	セビエ	frigibax	
997	997	セゴール	arctibax	
998	998	セグレイブ	baxcalibur	
999	999	コレクレー	gimmighoul	
999	10263	コレクレー	gimmighoul-roaming	roaming
1000	1000	サーフゴー	gholdengo	
1001	1001	チオンジェン	wo-chien	
1002	1002	パオジアン	chien-pao	
1003	1003	ディンルー	ting-lu	
1004	1004	イーユイ	chi-yu	
1005	1005	トドロクツキ	roaring-moon	
1006	1006	テツノブジン	iron-valiant	
1007	1007	コライドン	koraidon	
1007	10264	コライドン	koraidon-limited-build	limited-build
1007	10265	コライドン	koraidon-sprinting-build	sprinting-build
1007	10266	コライドン	koraidon-swimming-build	swimming-build
1007	10267	コライドン	koraidon-gliding-build	gliding-build
1008	1008	ミライドン	miraidon	
1008	10268	ミライドン	miraidon-low-power-mode	low-power-mode
1008	10269	ミライドン	miraidon-drive-mode	drive-mode
1008	10270	ミライドン	miraidon-aquatic-mode	aquatic-mode
1008	10271	ミライドン	miraidon-glide-mode	glide-mode
1009	1009	ウネルミナモ	walking-wake	
1010	1010	テツノイサハ	iron-leaves	
1011	1011	カミッチュ	dipplin	
1012	1012	チャデス	poltchageist	
1013	1013	ヤバソチャ	sinistcha	
1014	1014	イイネイヌ	okidogi	
1015	1015	マシマシラ	munkidori	
1016	1016	キチキギス	fezandipiti	
1017	1017	オーガポン	ogerpon	
1017	10273	オーガポン	ogerpon-wellspring-mask	wellspring-mask
1017	10274	オーガポン	ogerpon-hearthflame-mask	hearthflame-mask
1017	10275	オーガポン	ogerpon-cornerstone-mask	cornerstone-mask
1018	1018	ブリジュラス	archaludon	
1019	1019	カミツオロチ	hydrapple	
1020	1020	ウガツホムラ	gouging-fire	
1021	1021	タケルライコ	raging-bolt	
1022	1022	テツノイワオ	iron-boulder	
1023	1023	テツノカシラ	iron-crown	
1024	1024	テラパゴス	terapagos	
1024	10276	テラパゴス	terapagos-terastal	terastal
1024	10277	テラパゴス	terapagos-stellar	stellar
1025	1025	モモワロウ	pecharunt	
